Date,Open,High,Low,Close,Volume
2012-12-03,1373.000,1385.000,1314.000,1319.000,694060
2012-12-04,1309.000,1326.000,1296.000,1312.000,1372500
2012-12-05,1313.000,1345.000,1311.000,1331.000,1526500
2012-12-06,1333.000,1338.000,1320.000,1325.000,1005200
2012-12-07,1322.000,1340.000,1319.000,1331.000,903684
2012-12-10,1331.000,1344.000,1331.000,1336.000,630420
2012-12-11,1335.000,1337.000,1286.000,1293.000,1624300
2012-12-12,1289.000,1306.000,1283.000,1299.000,1755100
2012-12-13,1297.000,1312.000,1282.000,1288.000,1986800
2012-12-14,1287.000,1315.000,1283.000,1304.000,1926300
2012-12-17,1307.000,1335.000,1307.000,1327.000,1997100
2012-12-18,1328.000,1339.000,1316.000,1325.000,1888500
2012-12-19,1324.000,1353.000,1318.000,1351.000,2774300
2012-12-20,1348.000,1356.000,1342.000,1350.000,2593900
2012-12-21,1345.000,1354.000,1330.000,1335.000,1961200
2012-12-24,1336.000,1349.000,1334.000,1343.000,1234000
2012-12-25,1344.000,1363.000,1339.000,1352.000,1561000
2012-12-26,1351.000,1354.000,1344.000,1352.000,995884
2012-12-27,1358.000,1367.000,1349.000,1352.000,963506
2012-12-28,1353.000,1364.000,1343.000,1351.000,1175300
2012-12-31,1352.000,1365.000,1349.000,1363.000,500112
2013-01-04,1371.000,1425.000,1367.000,1425.000,1001700
2013-01-07,1440.000,1468.000,1433.000,1445.000,1558500
2013-01-08,1438.000,1470.000,1427.000,1458.000,2761400
2013-01-09,1459.000,1476.000,1452.000,1474.000,2100300
2013-01-10,1479.000,1484.000,1456.000,1463.000,2311300
2013-01-11,1462.000,1465.000,1428.000,1439.000,1916200
2013-01-14,1438.000,1502.000,1438.000,1502.000,1878700
2013-01-15,1520.000,1527.000,1490.000,1497.000,3006300
2013-01-16,1499.000,1515.000,1455.000,1500.000,4239900
2013-01-17,1503.000,1512.000,1491.000,1506.000,3961700
2013-01-18,1520.000,1521.000,1488.000,1496.000,3867600
2013-01-21,1495.000,1518.000,1484.000,1501.000,3225400
2013-01-22,1505.000,1508.000,1475.000,1490.000,3070300
2013-01-23,1492.000,1496.000,1472.000,1481.000,2053400
2013-01-24,1479.000,1489.000,1458.000,1467.000,2346400
2013-01-25,1470.000,1472.000,1459.000,1469.000,1305100
2013-01-28,1471.000,1496.000,1468.000,1491.000,1274700
2013-01-29,1574.000,1582.000,1568.000,1580.000,1218900
2013-01-30,1585.000,1591.000,1578.000,1580.000,1240500
2013-01-31,1578.000,1601.000,1577.000,1585.000,2457800
2013-02-01,1585.000,1596.000,1580.000,1594.000,1459100
2013-02-04,1599.000,1649.000,1594.000,1632.000,2402600
2013-02-05,1628.000,1646.000,1624.000,1635.000,1865600
2013-02-06,1639.000,1652.000,1624.000,1630.000,1863300
2013-02-07,1631.000,1633.000,1606.000,1623.000,1279500
2013-02-08,1620.000,1635.000,1618.000,1634.000,706434
2013-02-18,1631.000,1643.000,1606.000,1607.000,1376200
2013-02-19,1606.000,1616.000,1597.000,1613.000,1627300
2013-02-20,1619.000,1622.000,1601.000,1610.000,1355600
2013-02-21,1591.000,1595.000,1549.000,1558.000,2360200
2013-02-22,1558.000,1569.000,1539.000,1553.000,2350700
2013-02-25,1550.000,1574.000,1532.000,1558.000,2320500
2013-02-26,1548.000,1564.000,1532.000,1536.000,2365400
2013-02-27,1548.000,1562.000,1543.000,1558.000,2115598
2013-02-28,1566.000,1587.000,1565.000,1582.000,1573926
2013-03-01,1580.000,1581.000,1550.000,1568.000,1843832
2013-03-04,1557.000,1564.000,1502.000,1518.000,2940802
2013-03-05,1524.000,1532.000,1504.000,1527.000,2793004
2013-03-06,1530.000,1541.000,1518.000,1525.000,2162826
2013-03-07,1521.000,1521.000,1508.000,1518.000,1751892
2013-03-08,1524.000,1528.000,1485.000,1504.000,2770430
2013-03-11,1503.000,1508.000,1483.000,1496.000,2231190
2013-03-12,1500.000,1505.000,1481.000,1487.000,2384956
2013-03-13,1493.000,1493.000,1438.000,1449.000,2935302
2013-03-14,1439.000,1443.000,1409.000,1436.000,2939374
2013-03-15,1442.000,1480.000,1428.000,1451.000,2561908
2013-03-18,1434.000,1453.000,1420.000,1435.000,1993548
2013-03-19,1440.000,1458.000,1434.000,1450.000,1920464
2013-03-20,1445.000,1478.000,1445.000,1476.000,2296732
2013-03-21,1482.000,1493.000,1478.000,1488.000,1688500
2013-03-22,1478.000,1489.000,1473.000,1479.000,1267666
2013-03-25,1483.000,1492.000,1481.000,1484.000,892888
2013-03-26,1481.000,1484.000,1452.000,1458.000,1482032
2013-03-27,1463.000,1465.000,1453.000,1455.000,940674
2013-03-28,1455.000,1460.000,1437.000,1440.000,1185044
2013-03-29,1430.000,1443.000,1415.000,1437.000,1111102
2013-04-01,1432.000,1437.000,1400.000,1404.000,1710124
2013-04-02,1403.000,1427.000,1397.000,1426.000,1322010
2013-04-03,1424.000,1441.000,1421.000,1429.000,1287678
2013-04-08,1412.000,1444.000,1410.000,1441.000,964570
2013-04-09,1446.000,1454.000,1439.000,1449.000,1150222
2013-04-10,1452.000,1454.000,1425.000,1430.000,1208702
2013-04-11,1430.000,1444.000,1414.000,1416.000,1389400
2013-04-12,1413.000,1427.000,1413.000,1420.000,1333776
2013-04-15,1406.000,1426.000,1376.000,1393.000,2773348
2013-04-16,1380.000,1405.000,1365.000,1401.000,1999762
2013-04-17,1403.000,1411.000,1331.000,1340.000,3793658
2013-04-18,1328.000,1362.000,1318.000,1351.000,3074468
2013-04-19,1361.000,1380.000,1349.000,1374.000,2622644
2013-04-22,1371.000,1386.000,1359.000,1362.000,2222452
2013-04-23,1364.000,1371.000,1330.000,1342.000,2329574
2013-04-24,1344.000,1358.000,1316.000,1343.000,2833714
2013-04-25,1346.000,1358.000,1333.000,1352.000,1958966
2013-04-26,1363.000,1371.000,1336.000,1343.000,1880060
2013-05-02,1320.000,1333.000,1310.000,1326.000,999400
2013-05-03,1334.000,1357.000,1326.000,1351.000,1941850
2013-05-06,1367.000,1371.000,1353.000,1356.000,1099320
2013-05-07,1353.000,1403.000,1348.000,1386.000,2746090
2013-05-08,1385.000,1402.000,1385.000,1399.000,1947396
2013-05-09,1399.000,1406.000,1387.000,1397.000,1808468
2013-05-10,1395.000,1424.000,1385.000,1419.000,2573970
2013-05-13,1419.000,1447.000,1415.000,1435.000,2332100
2013-05-14,1438.000,1445.000,1422.000,1429.000,2232954
2013-05-15,1432.000,1432.000,1404.000,1407.000,2706546
2013-05-16,1405.000,1450.000,1395.000,1437.000,4038712
2013-05-17,1441.000,1458.000,1432.000,1454.000,2757190
2013-05-20,1452.000,1460.000,1443.000,1445.000,1970100
2013-05-21,1449.000,1460.000,1439.000,1458.000,2118600
2013-05-22,1456.000,1466.000,1453.000,1457.000,1812564
2013-05-23,1450.000,1452.000,1426.000,1428.000,1924430
2013-05-24,1435.000,1438.000,1421.000,1427.000,1670000
2013-05-27,1420.000,1439.000,1414.000,1428.000,1797000
2013-05-28,1431.000,1437.000,1417.000,1437.000,1521608
2013-05-29,1435.000,1446.000,1425.000,1426.000,1431734
2013-05-30,1422.000,1422.000,1386.000,1400.000,2569446
2013-05-31,1408.000,1411.000,1381.000,1382.000,1644150
2013-06-03,1390.000,1398.000,1378.000,1393.000,1957408
2013-06-04,1397.000,1434.000,1393.000,1434.000,2598366
2013-06-05,1434.000,1462.000,1429.000,1446.000,2750740
2013-06-06,1439.000,1446.000,1420.000,1429.000,2460600
2013-06-07,1432.000,1442.000,1408.000,1430.000,2787572
2013-06-13,1417.000,1447.000,1413.000,1439.000,2595574
2013-06-14,1442.000,1450.000,1427.000,1431.000,1752444
2013-06-17,1433.000,1443.000,1429.000,1434.000,1367264
2013-06-18,1433.000,1448.000,1405.000,1412.000,2297260
2013-06-19,1411.000,1417.000,1400.000,1416.000,1574302
2013-06-20,1417.000,1428.000,1387.000,1391.000,1845410
2013-06-21,1373.000,1399.000,1361.000,1388.000,2057706
2013-06-24,1389.000,1394.000,1365.000,1368.000,1394628
2013-06-25,1372.000,1393.000,1365.000,1389.000,1838630
2013-06-26,1393.000,1397.000,1355.000,1364.000,1768630
2013-06-27,1370.000,1385.000,1365.000,1379.000,1704810
2013-06-28,1377.000,1392.000,1372.000,1380.000,1579216
2013-07-01,1378.000,1389.000,1368.000,1387.000,1395698
2013-07-02,1393.000,1413.000,1388.000,1403.000,1792460
2013-07-03,1405.000,1410.000,1397.000,1407.000,1110088
2013-07-04,1409.000,1417.000,1402.000,1406.000,1369878
2013-07-05,1405.000,1409.000,1388.000,1393.000,1234806
2013-07-08,1394.000,1395.000,1378.000,1386.000,878044
2013-07-09,1386.000,1391.000,1374.000,1375.000,1219166
2013-07-10,1372.000,1392.000,1366.000,1391.000,1303176
2013-07-11,1401.000,1432.000,1393.000,1409.000,2110424
2013-07-12,1406.000,1413.000,1399.000,1401.000,1268032
2013-07-15,1400.000,1412.000,1382.000,1383.000,1288156
2013-07-16,1383.000,1393.000,1378.000,1386.000,1132420
2013-07-17,1389.000,1408.000,1379.000,1397.000,1657818
2013-07-18,1395.000,1396.000,1382.000,1390.000,1041634
2013-07-19,1395.000,1406.000,1387.000,1388.000,1491608
2013-07-22,1391.000,1391.000,1367.000,1371.000,1707684
2013-07-23,1370.000,1380.000,1361.000,1375.000,1038116
2013-07-24,1376.000,1385.000,1371.000,1379.000,1042788
2013-07-25,1376.000,1385.000,1372.000,1376.000,852304
2013-07-26,1377.000,1380.000,1361.000,1363.000,1071020
2013-07-29,1361.000,1364.000,1350.000,1357.000,1070626
2013-07-30,1359.000,1365.000,1355.000,1359.000,823992
2013-07-31,1356.000,1368.000,1355.000,1365.000,722238
2013-08-01,1368.000,1375.000,1364.000,1369.000,724494
2013-08-02,1372.000,1378.000,1370.000,1373.000,667296
2013-08-05,1375.000,1378.000,1370.000,1373.000,476016
2013-08-06,1375.000,1376.000,1362.000,1369.000,645788
2013-08-07,1367.000,1387.000,1363.000,1384.000,1053228
2013-08-08,1385.000,1400.000,1385.000,1395.000,854948
2013-08-09,1398.000,1406.000,1391.000,1398.000,715684
2013-08-12,1406.000,1427.000,1404.000,1425.000,1202434
2013-08-13,1425.000,1436.000,1420.000,1424.000,1294258
2013-08-14,1424.000,1442.000,1422.000,1424.000,1309498
2013-08-15,1428.000,1432.000,1420.000,1423.000,780400
2013-08-16,1420.000,1430.000,1409.000,1416.000,1339378
2013-08-19,1420.000,1453.000,1418.000,1444.000,1564420
2013-08-20,1447.000,1451.000,1417.000,1420.000,1443650
2013-08-21,1425.000,1429.000,1411.000,1418.000,934324
2013-08-22,1415.000,1426.000,1413.000,1415.000,727186
2013-08-23,1415.000,1425.000,1401.000,1417.000,1077494
2013-08-26,1431.000,1442.000,1426.000,1435.000,1884780
2013-08-27,1434.000,1439.000,1427.000,1435.000,938036
2013-08-28,1438.000,1455.000,1399.000,1404.000,2408890
2013-08-29,1405.000,1409.000,1377.000,1381.000,1763110
2013-08-30,1378.000,1386.000,1370.000,1373.000,1035808
2013-09-02,1378.000,1386.000,1371.000,1382.000,1203654
2013-09-03,1386.000,1392.000,1366.000,1374.000,1374094
2013-09-04,1377.000,1382.000,1361.000,1365.000,860570
2013-09-05,1363.000,1373.000,1360.000,1362.000,763234
2013-09-06,1365.000,1376.000,1354.000,1368.000,901248
2013-09-09,1381.000,1382.000,1371.000,1376.000,705674
2013-09-10,1372.000,1375.000,1365.000,1373.000,506218
2013-09-11,1376.000,1388.000,1372.000,1379.000,987038
2013-09-12,1381.000,1382.000,1368.000,1370.000,729340
2013-09-13,1372.000,1380.000,1366.000,1369.000,680272
2013-09-16,1370.000,1380.000,1360.000,1361.000,892206
2013-09-17,1358.000,1360.000,1335.000,1344.000,1535236
2013-09-18,1342.000,1347.000,1334.000,1336.000,978022
2013-09-23,1333.000,1346.000,1322.000,1343.000,776032
2013-09-24,1342.000,1349.000,1335.000,1338.000,686020
2013-09-25,1336.000,1344.000,1332.000,1334.000,632544
2013-09-26,1336.000,1339.000,1319.000,1330.000,1007496
2013-09-27,1329.000,1333.000,1310.000,1311.000,679772
2013-09-30,1307.000,1318.000,1301.000,1302.000,640224
2013-10-07,1370.000,1370.000,1222.000,1222.000,22
2013-10-08,1300.000,1312.000,1296.000,1310.000,491974
2013-10-09,1310.000,1326.000,1310.000,1322.000,657134
2013-10-10,1319.000,1326.000,1316.000,1318.000,444976
2013-10-11,1320.000,1328.000,1317.000,1320.000,466860
2013-10-14,1319.000,1321.000,1310.000,1317.000,436100
2013-10-15,1317.000,1334.000,1317.000,1324.000,821574
2013-10-16,1324.000,1329.000,1312.000,1316.000,498928
2013-10-17,1318.000,1324.000,1305.000,1308.000,504104
2013-10-18,1308.000,1314.000,1303.000,1304.000,322860
2013-10-21,1304.000,1324.000,1304.000,1323.000,400336
2013-10-22,1321.000,1326.000,1315.000,1316.000,357970
2013-10-23,1318.000,1322.000,1305.000,1309.000,314434
2013-10-24,1307.000,1310.000,1299.000,1305.000,240756
2013-10-25,1305.000,1310.000,1278.000,1286.000,486532
2013-10-28,1286.000,1300.000,1285.000,1296.000,271542
2013-10-29,1302.000,1319.000,1297.000,1307.000,396472
2013-10-30,1309.000,1315.000,1301.000,1312.000,403914
2013-10-31,1312.000,1329.000,1308.000,1327.000,675412
2013-11-01,1327.000,1335.000,1322.000,1329.000,695254
2013-11-04,1328.000,1330.000,1320.000,1326.000,378030
2013-11-05,1328.000,1332.000,1321.000,1329.000,454304
2013-11-06,1327.000,1334.000,1317.000,1319.000,610816
2013-11-07,1317.000,1326.000,1315.000,1320.000,344586
2013-11-08,1319.000,1324.000,1311.000,1312.000,285372
2013-11-11,1313.000,1315.000,1303.000,1305.000,364280
2013-11-12,1307.000,1311.000,1300.000,1308.000,347500
2013-11-13,1306.000,1309.000,1303.000,1305.000,241714
2013-11-14,1306.000,1311.000,1301.000,1306.000,289556
2013-11-15,1306.000,1317.000,1303.000,1304.000,424280
2013-11-18,1303.000,1307.000,1292.000,1296.000,447350
2013-11-19,1295.000,1311.000,1294.000,1311.000,406734
2013-11-21,1307.000,1308.000,1301.000,1303.000,249758
2013-11-22,1306.000,1311.000,1302.000,1308.000,262152
2013-11-25,1310.000,1322.000,1308.000,1319.000,460740
2013-11-26,1317.000,1326.000,1317.000,1321.000,426376
2013-11-27,1321.000,1325.000,1316.000,1319.000,253102
2013-11-28,1319.000,1327.000,1312.000,1313.000,446296
2013-11-29,1315.000,1318.000,1312.000,1317.000,207072
2013-12-02,1318.000,1324.000,1314.000,1323.000,248924
2013-12-03,1322.000,1326.000,1319.000,1324.000,228150
2013-12-04,1326.000,1329.000,1320.000,1320.000,278268
2013-12-05,1323.000,1326.000,1316.000,1318.000,231666
2013-12-06,1318.000,1320.000,1309.000,1319.000,297266
2013-12-09,1320.000,1325.000,1316.000,1319.000,149006
2013-12-10,1320.000,1324.000,1316.000,1318.000,155384
2013-12-11,1319.000,1322.000,1316.000,1321.000,130304
2013-12-12,1322.000,1363.000,1322.000,1353.000,1299682
2013-12-13,1348.000,1350.000,1324.000,1335.000,768400
2013-12-16,1337.000,1340.000,1322.000,1327.000,401192
2013-12-17,1330.000,1337.000,1325.000,1330.000,471464
2013-12-18,1330.000,1332.000,1323.000,1329.000,354316
2013-12-19,1332.000,1337.000,1327.000,1328.000,251974
2013-12-20,1328.000,1328.000,1278.000,1319.000,594116
2013-12-23,1319.000,1320.000,1308.000,1313.000,276240
2013-12-24,1310.000,1316.000,1309.000,1313.000,118902
2013-12-25,1315.000,1326.000,1314.000,1323.000,187496
2013-12-26,1322.000,1325.000,1313.000,1315.000,180420
2013-12-27,1310.000,1320.000,1308.000,1316.000,189222
2013-12-30,1316.000,1325.000,1312.000,1315.000,185588
2013-12-31,1312.000,1320.000,1288.000,1290.000,485552
2014-01-02,1291.000,1293.000,1278.000,1281.000,474004
2014-01-03,1275.000,1286.000,1271.000,1285.000,256508
2014-01-06,1282.000,1288.000,1253.000,1255.000,369924
2014-01-07,1254.000,1255.000,1225.000,1238.000,493404
2014-01-08,1235.000,1241.000,1224.000,1232.000,295864
2014-01-09,1230.000,1265.000,1226.000,1247.000,390080
2014-01-10,1244.000,1251.000,1237.000,1251.000,250594
2014-01-13,1254.000,1260.000,1244.000,1246.000,181066
2014-01-14,1246.000,1258.000,1239.000,1257.000,192948
2014-01-15,1256.000,1263.000,1252.000,1259.000,134548
2014-01-17,1245.000,1255.000,1236.000,1252.000,274500
2014-01-20,1254.000,1261.000,1245.000,1249.000,253266
2014-01-21,1247.000,1247.000,1216.000,1217.000,384082
2014-01-22,1216.000,1239.000,1210.000,1235.000,474548
2014-01-23,1230.000,1265.000,1228.000,1249.000,743264
2014-01-24,1261.000,1275.000,1253.000,1274.000,491602
2014-01-27,1270.000,1283.000,1264.000,1281.000,583690
2014-01-28,1279.000,1284.000,1267.000,1276.000,484416
2014-01-29,1270.000,1299.000,1267.000,1292.000,524916
2014-01-30,1290.000,1305.000,1284.000,1302.000,310438
2014-02-07,1307.000,1310.000,1272.000,1281.000,377676
2014-02-10,1280.000,1295.000,1272.000,1292.000,317786
2014-02-11,1290.000,1297.000,1284.000,1294.000,284140
2014-02-12,1296.000,1317.000,1293.000,1311.000,664878
2014-02-13,1311.000,1317.000,1303.000,1306.000,441710
2014-02-14,1306.000,1311.000,1298.000,1306.000,294706
2014-02-17,1308.000,1324.000,1301.000,1315.000,431148
2014-02-18,1313.000,1317.000,1294.000,1298.000,500656
2014-02-19,1302.000,1306.000,1288.000,1296.000,543306
2014-02-20,1292.000,1302.000,1285.000,1290.000,447706
2014-02-21,1293.000,1303.000,1286.000,1295.000,510712
2014-02-24,1293.000,1294.000,1256.000,1266.000,729874
2014-02-25,1267.000,1276.000,1259.000,1260.000,435298
2014-02-26,1258.000,1268.000,1253.000,1262.000,316834
2014-02-27,1263.000,1263.000,1243.000,1247.000,395874
2014-02-28,1248.000,1255.000,1243.000,1247.000,256984
2014-03-03,1245.000,1249.000,1235.000,1240.000,266000
2014-03-04,1241.000,1242.000,1226.000,1239.000,282004
2014-03-05,1243.000,1260.000,1242.000,1252.000,357234
2014-03-06,1249.000,1259.000,1247.000,1256.000,213156
2014-03-10,1225.000,1233.000,1187.000,1191.000,429560
2014-03-11,1194.000,1233.000,1190.000,1224.000,510868
2014-03-12,1218.000,1235.000,1203.000,1229.000,372454
2014-03-14,1224.000,1228.000,1212.000,1227.000,190448
2014-03-17,1295.000,1297.000,1251.000,1253.000,416526
2014-03-18,1253.000,1286.000,1251.000,1275.000,431272
2014-03-19,1276.000,1282.000,1268.000,1273.000,250168
2014-03-20,1285.000,1285.000,1263.000,1268.000,301786
2014-03-21,1266.000,1276.000,1262.000,1265.000,335954
2014-03-24,1264.000,1264.000,1236.000,1249.000,347036
2014-03-25,1247.000,1281.000,1245.000,1260.000,524724
2014-03-26,1263.000,1265.000,1231.000,1234.000,713212
2014-03-27,1231.000,1249.000,1231.000,1240.000,585748
2014-03-28,1240.000,1261.000,1237.000,1260.000,497960
2014-03-31,1263.000,1270.000,1258.000,1262.000,358888
2014-04-01,1261.000,1270.000,1256.000,1263.000,244578
2014-04-02,1266.000,1270.000,1245.000,1248.000,361990
2014-04-03,1246.000,1257.000,1244.000,1255.000,336034
2014-04-04,1257.000,1261.000,1244.000,1256.000,487266
2014-04-08,1256.000,1284.000,1255.000,1282.000,571924
2014-04-09,1283.000,1287.000,1268.000,1272.000,323470
2014-04-10,1274.000,1282.000,1270.000,1275.000,411822
2014-04-11,1274.000,1275.000,1246.000,1248.000,506436
2014-04-14,1249.000,1262.000,1247.000,1255.000,366280
2014-04-15,1255.000,1265.000,1251.000,1258.000,341676
2014-04-16,1256.000,1274.000,1255.000,1264.000,621534
2014-04-17,1266.000,1268.000,1257.000,1262.000,229262
2014-04-18,1263.000,1264.000,1241.000,1247.000,420802
2014-04-21,1245.000,1254.000,1229.000,1233.000,502412
2014-04-22,1232.000,1233.000,1189.000,1224.000,543394
2014-04-23,1226.000,1228.000,1217.000,1227.000,347964
2014-04-24,1226.000,1235.000,1224.000,1230.000,227996
2014-04-25,1234.000,1235.000,1225.000,1226.000,209000
2014-04-28,1223.000,1229.000,1212.000,1228.000,317612
2014-04-29,1230.000,1246.000,1228.000,1242.000,292916
2014-04-30,1242.000,1245.000,1222.000,1226.000,221456
2014-05-01,1253.000,1253.000,1253.000,1253.000,84
2014-05-05,1224.000,1238.000,1220.000,1237.000,157774
2014-05-06,1237.000,1240.000,1222.000,1224.000,235888
2014-05-07,1224.000,1224.000,1209.000,1209.000,375490
2014-05-08,1211.000,1218.000,1209.000,1214.000,247902
2014-05-09,1216.000,1221.000,1213.000,1217.000,169720
2014-05-12,1218.000,1224.000,1214.000,1219.000,227770
2014-05-13,1222.000,1223.000,1208.000,1210.000,230476
2014-05-14,1212.000,1220.000,1206.000,1212.000,198300
2014-05-15,1213.000,1213.000,1198.000,1199.000,237470
2014-05-16,1197.000,1204.000,1179.000,1184.000,329600
2014-05-19,1183.000,1193.000,1178.000,1184.000,175864
2014-05-20,1182.000,1183.000,1143.000,1158.000,493806
2014-05-21,1159.000,1160.000,1148.000,1151.000,289092
2014-05-22,1149.000,1163.000,1148.000,1153.000,290952
2014-05-23,1152.000,1160.000,1144.000,1149.000,299062
2014-05-26,1148.000,1168.000,1144.000,1154.000,393886
2014-05-27,1154.000,1160.000,1140.000,1148.000,442640
2014-05-28,1144.000,1156.000,1143.000,1149.000,321308
2014-05-29,1150.000,1156.000,1131.000,1131.000,321644
2014-05-30,1128.000,1133.000,1107.000,1114.000,460916
2014-06-03,1113.000,1118.000,1092.000,1093.000,481226
2014-06-04,1088.000,1101.000,1088.000,1092.000,370646
2014-06-05,1093.000,1101.000,1086.000,1097.000,523150
2014-06-06,1099.000,1103.000,1091.000,1096.000,362550
2014-06-09,1084.000,1089.000,1066.000,1066.000,704740
2014-06-10,1068.000,1076.000,1064.000,1066.000,460820
2014-06-11,1066.000,1073.000,1058.000,1060.000,312776
2014-06-12,1058.000,1070.000,1056.000,1063.000,442696
2014-06-13,1063.000,1079.000,1063.000,1067.000,538102
2014-06-16,1068.000,1071.000,1042.000,1046.000,639778
2014-06-17,1045.000,1057.000,1039.000,1053.000,506146
2014-06-18,1056.000,1065.000,1043.000,1053.000,903900
2014-06-19,1053.000,1063.000,1052.000,1054.000,384934
2014-06-20,1058.000,1076.000,1053.000,1073.000,671188
2014-06-23,1077.000,1096.000,1076.000,1080.000,529472
2014-06-24,1080.000,1080.000,1066.000,1073.000,354272
2014-06-25,1073.000,1082.000,1068.000,1071.000,281356
2014-06-26,1074.000,1095.000,1067.000,1087.000,646592
2014-06-27,1088.000,1089.000,1067.000,1068.000,398120
2014-06-30,1065.000,1075.000,1056.000,1069.000,395358
2014-07-01,1074.000,1084.000,1067.000,1072.000,538726
2014-07-02,1074.000,1082.000,1065.000,1077.000,436376
2014-07-03,1079.000,1092.000,1076.000,1080.000,485422
2014-07-04,1080.000,1082.000,1070.000,1072.000,268746
2014-07-07,1072.000,1076.000,1066.000,1072.000,310198
2014-07-08,1072.000,1079.000,1063.000,1075.000,331012
2014-07-09,1035.000,1040.000,998.000,998.000,311944
2014-07-10,996.000,1005.000,993.000,997.000,320018
2014-07-11,1000.000,1001.000,981.000,984.000,336600
2014-07-14,982.000,994.000,975.000,976.000,348664
2014-07-15,982.000,991.000,976.000,987.000,438936
2014-07-16,985.000,997.000,983.000,991.000,405936
2014-07-17,988.000,1004.000,988.000,1000.000,487940
2014-07-18,1000.000,1002.000,985.000,990.000,444122
2014-07-21,990.000,1032.000,987.000,1022.000,1179668
2014-07-22,1021.000,1027.000,1013.000,1019.000,614864
2014-07-23,1019.000,1026.000,1008.000,1014.000,532806
2014-07-24,1015.000,1033.000,1011.000,1014.000,928074
2014-07-25,1012.000,1016.000,992.000,1005.000,1009344
2014-07-28,1005.000,1014.000,996.000,1013.000,692916
2014-07-29,1016.000,1035.000,1015.000,1034.000,807698
2014-07-30,1029.000,1041.000,1023.000,1037.000,1117156
2014-07-31,1037.000,1045.000,1026.000,1029.000,810316
2014-08-01,1025.000,1033.000,1021.000,1024.000,635680
2014-08-04,1024.000,1048.000,1023.000,1047.000,759592
2014-08-05,1047.000,1056.000,1042.000,1044.000,706962
2014-08-06,1042.000,1050.000,1038.000,1043.000,534258
2014-08-07,1045.000,1054.000,1041.000,1044.000,499718
2014-08-08,1046.000,1048.000,1027.000,1028.000,568208
2014-08-11,1028.000,1036.000,1025.000,1026.000,450628
2014-08-12,1025.000,1031.000,1019.000,1027.000,393788
2014-08-13,1037.000,1045.000,1026.000,1029.000,757126
2014-08-14,1028.000,1028.000,996.000,1001.000,804714
2014-08-15,1001.000,1018.000,999.000,1017.000,497648
2014-08-18,1019.000,1033.000,1016.000,1033.000,651796
2014-08-19,1034.000,1051.000,1028.000,1050.000,1045118
2014-08-20,1048.000,1053.000,1042.000,1044.000,828458
2014-08-21,1048.000,1072.000,1047.000,1066.000,1444428
2014-08-22,1065.000,1072.000,1060.000,1072.000,827514
2014-08-25,1075.000,1078.000,1060.000,1068.000,871738
2014-08-26,1070.000,1079.000,1062.000,1077.000,922156
2014-08-27,1080.000,1082.000,1060.000,1062.000,869050
2014-08-28,1062.000,1065.000,1048.000,1050.000,1071016
2014-08-29,1048.000,1065.000,1046.000,1064.000,798924
2014-09-01,1063.000,1064.000,1013.000,1013.000,1483384
2014-09-02,1013.000,1024.000,1004.000,1018.000,1084346
2014-09-03,1017.000,1027.000,1010.000,1013.000,995820
2014-09-04,1017.000,1030.000,1016.000,1023.000,846618
2014-09-05,1027.000,1031.000,1002.000,1012.000,1419558
2014-09-09,1015.000,1020.000,1009.000,1019.000,866068
2014-09-10,1018.000,1029.000,998.000,1002.000,1726980
2014-09-11,1002.000,1017.000,1000.000,1017.000,1251676
2014-09-12,1017.000,1029.000,1013.000,1027.000,984144
2014-09-15,1026.000,1052.000,1020.000,1047.000,1430408
2014-09-16,1047.000,1054.000,1040.000,1049.000,1099704
2014-09-17,1056.000,1056.000,1042.000,1054.000,933994
2014-09-18,1052.000,1054.000,1043.000,1049.000,768360
2014-09-19,1047.000,1050.000,1025.000,1040.000,1488816
2014-09-22,1038.000,1046.000,1012.000,1037.000,2441098
2014-09-23,1039.000,1072.000,1037.000,1072.000,2325120
2014-09-24,1069.000,1084.000,1058.000,1077.000,1574980
2014-09-25,1075.000,1076.000,1027.000,1040.000,2006534
2014-09-26,1037.000,1048.000,1029.000,1038.000,1509920
2014-09-29,1035.000,1043.000,1023.000,1033.000,951706
2014-09-30,1034.000,1045.000,1026.000,1040.000,549304
2014-10-09,1023.000,1038.000,1017.000,1036.000,957566
2014-10-10,1034.000,1035.000,1021.000,1023.000,830294
2014-10-13,1024.000,1042.000,1020.000,1023.000,1431270
2014-10-14,1018.000,1030.000,1004.000,1028.000,1604860
2014-10-15,1026.000,1033.000,1019.000,1025.000,743210
2014-10-16,1020.000,1028.000,1015.000,1020.000,776896
2014-10-17,1021.000,1027.000,1006.000,1015.000,1222472
2014-10-20,1019.000,1022.000,1008.000,1015.000,752214
2014-10-21,1013.000,1026.000,1011.000,1024.000,669754
2014-10-22,1026.000,1029.000,1019.000,1022.000,427572
2014-10-23,1019.000,1029.000,1014.000,1027.000,505528
2014-10-24,1027.000,1036.000,1026.000,1032.000,451188
2014-10-27,1030.000,1033.000,1023.000,1027.000,231852
2014-10-28,1027.000,1031.000,1021.000,1026.000,278508
2014-10-29,1026.000,1034.000,1025.000,1034.000,201306
2014-10-30,1034.000,1048.000,1031.000,1036.000,564070
2014-10-31,1036.000,1047.000,1032.000,1044.000,274118
2014-11-03,1044.000,1058.000,1041.000,1046.000,374486
2014-11-04,1044.000,1044.000,1021.000,1024.000,505302
2014-11-05,1025.000,1028.000,1016.000,1017.000,262354
2014-11-06,1018.000,1026.000,1014.000,1020.000,212526
2014-11-07,1021.000,1032.000,1020.000,1030.000,210434
2014-11-10,1034.000,1046.000,1033.000,1044.000,411062
2014-11-11,1043.000,1047.000,1036.000,1044.000,205176
2014-11-12,1047.000,1060.000,1041.000,1053.000,390378
2014-11-13,1051.000,1052.000,1041.000,1045.000,162526
2014-11-14,887.000,915.000,886.000,900.000,779308
2014-11-17,902.000,907.000,884.000,885.000,534946
2014-11-18,888.000,888.000,861.000,875.000,502118
2014-11-19,875.000,886.000,868.000,884.000,310300
2014-11-20,885.000,888.000,871.000,872.000,376012
2014-11-21,870.000,871.000,856.000,862.000,314096
2014-11-24,868.000,870.000,852.000,853.000,330932
2014-11-25,850.000,869.000,848.000,868.000,324352
2014-11-26,866.000,868.000,860.000,865.000,178912
2014-11-27,867.000,882.000,864.000,879.000,301052
2014-11-28,873.000,886.000,872.000,880.000,388784
2014-12-01,871.000,874.000,851.000,862.000,389942
2014-12-02,871.000,892.000,871.000,879.000,318064
2014-12-03,877.000,887.000,877.000,885.000,272300
2014-12-04,890.000,895.000,879.000,883.000,436908
2014-12-05,881.000,887.000,870.000,885.000,291152
2014-12-08,888.000,890.000,880.000,882.000,257038
2014-12-09,882.000,892.000,875.000,891.000,477714
2014-12-10,897.000,899.000,886.000,892.000,345794
2014-12-11,887.000,910.000,885.000,889.000,864478
2014-12-12,889.000,903.000,888.000,902.000,341342
2014-12-15,903.000,914.000,898.000,910.000,575722
2014-12-16,907.000,910.000,893.000,904.000,547270
2014-12-17,901.000,904.000,888.000,895.000,413570
2014-12-18,899.000,899.000,889.000,895.000,245894
2014-12-19,895.000,897.000,890.000,893.000,83964
2014-12-22,903.000,906.000,889.000,889.000,384958
2014-12-23,886.000,892.000,880.000,888.000,236834
2014-12-24,889.000,908.000,888.000,907.000,517320
2014-12-25,906.000,912.000,900.000,905.000,404586
2014-12-26,905.000,909.000,901.000,904.000,175478
2014-12-29,904.000,935.000,895.000,934.000,820586
2014-12-30,941.000,954.000,938.000,954.000,476588
2014-12-31,966.000,968.000,946.000,949.000,742782
2015-01-05,944.000,964.000,941.000,955.000,748696
2015-01-06,974.000,980.000,955.000,956.000,832268
2015-01-07,950.000,956.000,945.000,953.000,465754
2015-01-08,953.000,963.000,944.000,945.000,502762
2015-01-09,944.000,952.000,936.000,946.000,463558
2015-01-12,946.000,949.000,923.000,925.000,679352
2015-01-13,922.000,929.000,918.000,924.000,249552
2015-01-14,924.000,932.000,901.000,927.000,490774
2015-01-15,929.000,934.000,923.000,930.000,341818
2015-01-16,926.000,929.000,913.000,916.000,334300
2015-01-19,913.000,920.000,907.000,915.000,399042
2015-01-20,914.000,920.000,910.000,911.000,254968
2015-01-21,910.000,922.000,907.000,914.000,336982
2015-01-22,918.000,924.000,913.000,915.000,325526
2015-01-23,914.000,922.000,902.000,908.000,485672
2015-01-26,905.000,910.000,895.000,900.000,353676
2015-01-27,902.000,907.000,899.000,900.000,218698
2015-01-28,901.000,907.000,896.000,902.000,178550
2015-01-29,903.000,917.000,903.000,916.000,295360
2015-01-30,915.000,917.000,907.000,909.000,144958
2015-02-02,912.000,917.000,909.000,912.000,121308
2015-02-03,912.000,924.000,912.000,921.000,283174
2015-02-04,926.000,931.000,917.000,917.000,251856
2015-02-05,917.000,923.000,911.000,912.000,203696
2015-02-06,915.000,922.000,914.000,921.000,144628
2015-02-09,921.000,928.000,920.000,925.000,161280
2015-02-10,926.000,931.000,924.000,931.000,146876
2015-02-11,930.000,946.000,929.000,943.000,416784
2015-02-12,943.000,945.000,935.000,940.000,146014
2015-02-13,944.000,948.000,940.000,943.000,167762
2015-02-16,944.000,950.000,936.000,946.000,142176
2015-02-17,947.000,947.000,938.000,939.000,78024
2015-02-24,999.000,999.000,999.000,999.000,2
2015-02-25,938.000,939.000,934.000,938.000,74282
2015-02-26,942.000,964.000,940.000,964.000,353972
2015-02-27,962.000,969.000,956.000,963.000,242496
2015-03-02,968.000,970.000,930.000,949.000,395722
2015-03-03,949.000,951.000,939.000,944.000,166152
2015-03-04,945.000,960.000,944.000,949.000,251892
2015-03-05,944.000,949.000,935.000,948.000,212592
2015-03-06,948.000,956.000,940.000,942.000,189534
2015-03-09,936.000,939.000,920.000,934.000,224194
2015-03-10,935.000,940.000,922.000,923.000,159006
2015-03-11,920.000,928.000,916.000,918.000,131348
2015-03-12,917.000,928.000,915.000,926.000,158758
2015-03-13,926.000,930.000,918.000,919.000,114848
2015-03-16,915.000,927.000,912.000,925.000,134844
2015-03-17,925.000,936.000,922.000,927.000,192988
2015-03-18,926.000,930.000,920.000,924.000,141866
2015-03-19,929.000,946.000,928.000,943.000,252966
2015-03-20,944.000,953.000,942.000,951.000,256368
2015-03-23,955.000,961.000,949.000,955.000,167630
2015-03-24,962.000,969.000,950.000,952.000,209950
2015-03-25,951.000,955.000,943.000,943.000,138748
2015-03-26,945.000,957.000,940.000,956.000,186856
2015-03-27,955.000,955.000,940.000,949.000,189856
2015-03-30,948.000,984.000,946.000,982.000,687290
2015-03-31,981.000,985.000,947.000,948.000,473654
2015-04-01,942.000,954.000,937.000,942.000,246230
2015-04-02,947.000,951.000,915.000,916.000,344634
2015-04-03,916.000,926.000,910.000,924.000,242412
2015-04-07,925.000,932.000,920.000,920.000,156286
2015-04-08,885.000,887.000,857.000,876.000,429472
2015-04-09,872.000,879.000,866.000,870.000,205942
2015-04-10,866.000,873.000,859.000,861.000,166842
2015-04-13,866.000,899.000,863.000,895.000,304650
2015-04-14,891.000,898.000,886.000,894.000,263636
2015-04-15,893.000,908.000,889.000,896.000,283924
2015-04-16,901.000,907.000,881.000,882.000,302730
2015-04-17,883.000,892.000,878.000,888.000,293054
2015-04-20,895.000,900.000,875.000,875.000,279166
2015-04-21,876.000,896.000,872.000,891.000,351278
2015-04-22,893.000,906.000,890.000,901.000,352946
2015-04-23,901.000,913.000,900.000,904.000,343210
2015-04-24,914.000,929.000,913.000,928.000,584860
2015-04-27,941.000,950.000,928.000,943.000,516218
2015-04-28,944.000,948.000,931.000,937.000,305246
2015-04-29,937.000,938.000,912.000,916.000,349166
2015-04-30,923.000,929.000,918.000,923.000,243598
2015-05-04,928.000,940.000,921.000,937.000,301744
2015-05-05,940.000,957.000,935.000,944.000,597532
2015-05-06,949.000,953.000,938.000,945.000,368872
2015-05-07,937.000,942.000,932.000,937.000,241496
2015-05-08,931.000,953.000,929.000,948.000,386978
2015-05-11,955.000,956.000,936.000,938.000,351304
2015-05-12,933.000,939.000,930.000,931.000,197456
2015-05-13,933.000,938.000,924.000,930.000,234180
2015-05-14,923.000,934.000,915.000,934.000,327580
2015-05-15,934.000,950.000,928.000,943.000,522746
2015-05-18,944.000,949.000,930.000,933.000,342354
2015-05-19,931.000,934.000,923.000,926.000,216200
2015-05-20,919.000,920.000,900.000,909.000,371472
2015-05-21,912.000,924.000,911.000,915.000,231800
2015-05-22,917.000,923.000,910.000,913.000,232578
2015-05-25,910.000,918.000,906.000,913.000,247812
2015-05-26,921.000,928.000,908.000,910.000,326996
2015-05-27,911.000,917.000,907.000,913.000,162586
2015-05-28,916.000,939.000,912.000,937.000,416460
2015-05-29,939.000,945.000,932.000,943.000,425290
2015-06-01,947.000,950.000,935.000,943.000,299610
2015-06-02,943.000,965.000,938.000,959.000,485870
2015-06-03,961.000,963.000,938.000,944.000,381928
2015-06-04,943.000,958.000,938.000,951.000,364136
2015-06-05,947.000,953.000,943.000,949.000,198434
2015-06-08,950.000,955.000,943.000,949.000,226646
2015-06-09,953.000,953.000,945.000,948.000,139930
2015-06-10,951.000,954.000,945.000,951.000,178264
2015-06-11,951.000,970.000,949.000,959.000,443904
2015-06-12,961.000,961.000,943.000,950.000,262102
2015-06-15,951.000,953.000,941.000,945.000,167778
2015-06-16,943.000,949.000,930.000,934.000,257176
2015-06-17,932.000,935.000,925.000,929.000,234094
2015-06-18,930.000,938.000,928.000,930.000,172684
2015-06-19,930.000,937.000,925.000,928.000,148558
2015-06-24,929.000,934.000,923.000,933.000,139418
2015-06-25,934.000,935.000,925.000,925.000,92616
2015-06-26,924.000,929.000,919.000,926.000,159954
2015-06-29,926.000,931.000,924.000,928.000,93398
2015-06-30,929.000,929.000,905.000,906.000,225122
2015-07-01,904.000,917.000,896.000,909.000,258666
2015-07-02,908.000,917.000,906.000,915.000,115824
2015-07-03,915.000,920.000,910.000,914.000,97626
2015-07-06,915.000,917.000,891.000,899.000,236334
2015-07-07,898.000,906.000,874.000,880.000,341802
2015-07-08,879.000,882.000,855.000,855.000,304238
2015-07-09,834.000,912.000,803.000,890.000,607554
2015-07-10,892.000,901.000,881.000,884.000,291888
2015-07-13,882.000,889.000,874.000,879.000,166442
2015-07-14,880.000,887.000,875.000,876.000,116334
2015-07-15,877.000,885.000,871.000,876.000,138470
2015-07-16,876.000,877.000,861.000,870.000,186226
2015-07-17,869.000,873.000,863.000,867.000,99298
2015-07-20,865.000,883.000,863.000,882.000,145390
2015-07-21,880.000,883.000,873.000,879.000,104078
2015-07-22,879.000,886.000,868.000,873.000,116668
2015-07-23,871.000,874.000,859.000,866.000,111382
2015-07-24,863.000,868.000,842.000,843.000,132860
2015-07-27,843.000,861.000,835.000,858.000,234602
2015-07-28,856.000,866.000,850.000,858.000,157598
2015-07-29,860.000,875.000,858.000,871.000,141262
2015-07-30,871.000,872.000,864.000,866.000,112594
2015-07-31,866.000,880.000,861.000,876.000,135696
2015-08-03,877.000,895.000,876.000,888.000,194280
2015-08-04,887.000,897.000,881.000,894.000,116036
2015-08-05,895.000,898.000,885.000,891.000,89242
2015-08-06,890.000,895.000,882.000,889.000,67348
2015-08-07,889.000,905.000,887.000,902.000,95536
2015-08-10,878.000,892.000,873.000,888.000,197122
2015-08-11,888.000,903.000,883.000,892.000,189866
2015-08-12,890.000,910.000,884.000,909.000,269576
2015-08-13,909.000,916.000,903.000,909.000,253708
2015-08-14,910.000,911.000,901.000,903.000,145828
2015-08-17,902.000,909.000,887.000,888.000,208154
2015-08-18,887.000,895.000,880.000,881.000,166676
2015-08-19,882.000,900.000,876.000,899.000,236682
2015-08-20,900.000,903.000,889.000,892.000,296184
2015-08-21,895.000,903.000,890.000,897.000,235484
2015-08-24,896.000,898.000,861.000,862.000,342640
2015-08-25,859.000,873.000,851.000,860.000,287218
2015-08-26,874.000,880.000,855.000,856.000,216436
2015-08-27,855.000,870.000,852.000,868.000,191750
2015-08-28,871.000,893.000,867.000,876.000,321644
2015-08-31,875.000,876.000,844.000,844.000,351902
2015-09-01,840.000,851.000,834.000,845.000,379074
2015-09-02,844.000,853.000,841.000,845.000,203070
2015-09-07,848.000,848.000,848.000,848.000,50
2015-09-08,832.000,842.000,830.000,841.000,201076
2015-09-09,845.000,859.000,842.000,847.000,379112
2015-09-10,848.000,859.000,845.000,856.000,214740
2015-09-11,856.000,863.000,846.000,848.000,251520
2015-09-14,847.000,857.000,841.000,843.000,261292
2015-09-15,844.000,849.000,840.000,842.000,176310
2015-09-16,843.000,853.000,840.000,851.000,241292
2015-09-17,852.000,861.000,849.000,854.000,284396
2015-09-18,854.000,858.000,850.000,852.000,167040
2015-09-21,850.000,854.000,837.000,849.000,241252
2015-09-22,850.000,852.000,840.000,842.000,191860
2015-09-23,839.000,843.000,834.000,842.000,219580
2015-09-24,842.000,844.000,820.000,820.000,484836
2015-09-25,819.000,831.000,819.000,821.000,318174
2015-09-28,821.000,829.000,816.000,821.000,180932
2015-09-29,819.000,826.000,808.000,815.000,284808
2015-09-30,817.000,819.000,811.000,815.000,126272
2015-10-09,831.000,844.000,828.000,839.000,247590
2015-10-12,841.000,841.000,823.000,826.000,262284
2015-10-13,826.000,830.000,822.000,826.000,170920
2015-10-14,826.000,831.000,818.000,821.000,235900
2015-10-15,823.000,829.000,820.000,825.000,150112
2015-10-16,825.000,830.000,823.000,828.000,173970
2015-10-19,827.000,841.000,827.000,838.000,310002
2015-10-20,837.000,847.000,834.000,839.000,256232
2015-10-21,840.000,864.000,834.000,858.000,532672
2015-10-22,860.000,880.000,856.000,868.000,870010
2015-10-23,867.000,875.000,860.000,873.000,489332
2015-10-26,874.000,877.000,865.000,868.000,466838
2015-10-27,869.000,879.000,863.000,878.000,578242
2015-10-28,878.000,884.000,871.000,872.000,436538
2015-10-29,873.000,875.000,867.000,872.000,450596
2015-10-30,872.000,886.000,869.000,884.000,591958
2015-11-02,883.000,885.000,874.000,876.000,441728
2015-11-03,877.000,885.000,873.000,883.000,455460
2015-11-04,884.000,902.000,882.000,890.000,928412
2015-11-05,890.000,896.000,868.000,874.000,835554
2015-11-06,873.000,878.000,867.000,875.000,559838
2015-11-09,874.000,880.000,870.000,873.000,437462
2015-11-10,874.000,878.000,865.000,877.000,498170
2015-11-11,877.000,878.000,870.000,872.000,350036
2015-11-12,872.000,894.000,861.000,881.000,906190
2015-11-13,880.000,888.000,872.000,883.000,716042
2015-11-16,883.000,888.000,876.000,876.000,413434
2015-11-17,877.000,878.000,858.000,872.000,726436
2015-11-18,871.000,874.000,863.000,868.000,446160
2015-11-19,868.000,871.000,850.000,855.000,764546
2015-11-20,854.000,864.000,848.000,858.000,555468
2015-11-23,859.000,873.000,854.000,865.000,426088
2015-11-24,866.000,890.000,857.000,890.000,533522
2015-11-25,890.000,906.000,884.000,906.000,562500
2015-11-26,906.000,915.000,883.000,886.000,586798
2015-11-27,883.000,897.000,883.000,897.000,208004
2015-11-30,897.000,900.000,883.000,885.000,192856
2015-12-01,885.000,889.000,878.000,881.000,166840
2015-12-02,808.000,827.000,806.000,822.000,491470
2015-12-03,822.000,825.000,814.000,822.000,274668
2015-12-04,824.000,828.000,806.000,809.000,296454
2015-12-07,811.000,822.000,803.000,820.000,327142
2015-12-08,820.000,820.000,810.000,813.000,199422
2015-12-09,812.000,817.000,804.000,816.000,323128
2015-12-10,816.000,819.000,806.000,808.000,264492
2015-12-11,808.000,824.000,807.000,823.000,270252
2015-12-14,823.000,827.000,816.000,823.000,232998
2015-12-15,821.000,839.000,820.000,825.000,405344
2015-12-16,824.000,829.000,822.000,827.000,146692
2015-12-17,826.000,834.000,822.000,823.000,226694
2015-12-18,823.000,834.000,821.000,834.000,181556
2015-12-21,834.000,842.000,826.000,839.000,434530
2015-12-22,839.000,843.000,830.000,833.000,283580
2015-12-23,832.000,834.000,826.000,826.000,185054
2015-12-24,828.000,835.000,825.000,834.000,163218
2015-12-25,834.000,840.000,825.000,826.000,229238
2015-12-28,827.000,829.000,818.000,819.000,237542
2015-12-29,818.000,832.000,814.000,832.000,262054
2015-12-30,833.000,837.000,829.000,831.000,233404
2015-12-31,831.000,840.000,828.000,831.000,233174
2016-01-04,833.000,839.000,822.000,823.000,222522
2016-01-05,823.000,830.000,822.000,829.000,183616
2016-01-06,829.000,831.000,820.000,823.000,175958
2016-01-07,822.000,830.000,821.000,830.000,211016
2016-01-08,829.000,848.000,827.000,841.000,631398
2016-01-11,841.000,850.000,833.000,834.000,523548
2016-01-12,835.000,837.000,825.000,831.000,368078
2016-01-13,831.000,834.000,828.000,830.000,193860
2016-01-14,830.000,834.000,823.000,833.000,269898
2016-01-15,832.000,840.000,832.000,836.000,196738
2016-01-18,836.000,857.000,834.000,854.000,422570
2016-01-19,855.000,861.000,850.000,860.000,295336
2016-01-20,860.000,861.000,852.000,853.000,201092
2016-01-21,852.000,860.000,851.000,857.000,183392
2016-01-22,858.000,873.000,856.000,868.000,442562
2016-01-25,868.000,870.000,851.000,856.000,280866
2016-01-26,854.000,862.000,853.000,855.000,164560
2016-01-27,856.000,865.000,855.000,862.000,157114
2016-01-28,862.000,863.000,853.000,854.000,132116
2016-01-29,855.000,858.000,846.000,851.000,195086
2016-02-01,852.000,857.000,846.000,849.000,148128
2016-02-02,850.000,851.000,842.000,850.000,136660
2016-02-03,851.000,855.000,847.000,850.000,99364
2016-02-04,850.000,865.000,849.000,865.000,134300
2016-02-05,865.000,867.000,857.000,863.000,74488
2016-02-15,861.000,871.000,859.000,868.000,92098
2016-02-16,869.000,869.000,862.000,862.000,87136
2016-02-17,862.000,885.000,860.000,884.000,273876
2016-02-18,884.000,890.000,881.000,886.000,220512
2016-02-19,886.000,897.000,883.000,889.000,244892
2016-02-22,888.000,923.000,888.000,905.000,312944
2016-02-23,905.000,909.000,892.000,901.000,226470
2016-02-24,901.000,907.000,895.000,906.000,170128
2016-02-25,905.000,924.000,903.000,914.000,373580
2016-02-26,915.000,923.000,904.000,921.000,283228
2016-02-29,922.000,922.000,907.000,918.000,234654
2016-03-01,922.000,933.000,915.000,930.000,298444
2016-03-02,931.000,933.000,924.000,929.000,219824
2016-03-03,928.000,937.000,921.000,923.000,227502
2016-03-04,923.000,932.000,921.000,929.000,224784
2016-03-07,930.000,966.000,928.000,966.000,356532
2016-03-08,979.000,1019.000,949.000,974.000,1615136
2016-03-09,967.000,984.000,952.000,973.000,477926
2016-03-10,973.000,996.000,958.000,959.000,448858
2016-03-11,957.000,970.000,953.000,959.000,210556
2016-03-14,956.000,985.000,954.000,958.000,323326
2016-03-15,957.000,962.000,942.000,947.000,316010
2016-03-16,945.000,953.000,938.000,945.000,208930
2016-03-17,945.000,958.000,933.000,941.000,368344
2016-03-18,941.000,968.000,938.000,953.000,569422
2016-03-21,952.000,960.000,935.000,936.000,421148
2016-03-22,935.000,941.000,926.000,928.000,338930
2016-03-23,928.000,946.000,927.000,934.000,255578
2016-03-24,934.000,939.000,918.000,919.000,334168
2016-03-25,918.000,927.000,913.000,924.000,206274
2016-03-28,924.000,929.000,916.000,916.000,133666
2016-03-29,916.000,925.000,916.000,919.000,101090
2016-03-30,919.000,933.000,918.000,930.000,149818
2016-03-31,931.000,933.000,923.000,929.000,90506
2016-04-01,930.000,939.000,926.000,930.000,131410
2016-04-06,924.000,928.000,919.000,924.000,60644
2016-04-07,950.000,974.000,950.000,970.000,270314
2016-04-08,969.000,972.000,959.000,966.000,225814
2016-04-11,968.000,988.000,967.000,973.000,341354
2016-04-12,975.000,1006.000,973.000,1004.000,393466
2016-04-13,1003.000,1018.000,986.000,994.000,539890
2016-04-14,992.000,999.000,986.000,997.000,288062
2016-04-15,999.000,1027.000,996.000,998.000,831750
2016-04-18,995.000,1015.000,988.000,1007.000,366578
2016-04-19,1010.000,1033.000,1003.000,1021.000,518168
2016-04-20,1023.000,1039.000,1013.000,1034.000,533512
2016-04-21,1033.000,1067.000,1024.000,1056.000,581168
2016-04-22,1056.000,1061.000,1019.000,1022.000,439478
2016-04-25,1021.000,1057.000,1021.000,1034.000,345168
2016-04-26,1035.000,1045.000,1004.000,1012.000,366906
2016-04-27,1015.000,1017.000,990.000,999.000,330320
2016-04-28,1000.000,1006.000,992.000,993.000,209252
2016-04-29,993.000,1012.000,992.000,998.000,257268
2016-05-03,830.000,870.000,830.000,870.000,346
2016-05-04,960.000,968.000,956.000,964.000,201322
2016-05-05,966.000,970.000,955.000,957.000,192686
2016-05-06,959.000,963.000,934.000,945.000,288584
2016-05-09,945.000,966.000,925.000,933.000,415448
2016-05-10,932.000,944.000,927.000,941.000,291512
2016-05-11,941.000,959.000,941.000,957.000,288340
2016-05-12,956.000,971.000,952.000,964.000,268442
2016-05-13,962.000,981.000,942.000,957.000,534808
2016-05-16,955.000,979.000,951.000,975.000,351982
2016-05-17,976.000,983.000,963.000,977.000,316802
2016-05-18,975.000,982.000,954.000,955.000,345562
2016-05-19,954.000,962.000,947.000,957.000,292742
2016-05-20,956.000,978.000,952.000,975.000,321394
2016-05-23,975.000,978.000,932.000,940.000,417996
2016-05-24,940.000,946.000,927.000,939.000,386754
2016-05-25,942.000,946.000,933.000,941.000,308448
2016-05-26,943.000,959.000,938.000,958.000,310228
2016-05-27,957.000,974.000,948.000,973.000,397940
2016-05-30,972.000,1000.000,967.000,1000.000,434574
2016-05-31,1007.000,1034.000,1007.000,1023.000,586928
2016-06-01,1024.000,1036.000,1014.000,1028.000,543358
2016-06-02,1030.000,1045.000,1002.000,1009.000,921324
2016-06-03,1008.000,1018.000,995.000,1008.000,812420
2016-06-06,1011.000,1022.000,997.000,1018.000,763948
2016-06-07,1020.000,1031.000,1013.000,1019.000,475174
2016-06-08,1017.000,1025.000,1009.000,1020.000,292470
2016-06-13,1018.000,1034.000,1012.000,1023.000,305778
2016-06-14,1023.000,1027.000,1003.000,1009.000,420594
2016-06-15,1010.000,1015.000,1002.000,1013.000,311732
2016-06-16,1014.000,1019.000,987.000,988.000,372452
2016-06-17,988.000,998.000,973.000,996.000,491420
2016-06-20,996.000,1008.000,990.000,995.000,306986
2016-06-21,995.000,1019.000,993.000,1018.000,323776
2016-06-22,1016.000,1022.000,1009.000,1016.000,357284
2016-06-23,1014.000,1025.000,1011.000,1019.000,408068
2016-06-24,1019.000,1027.000,1007.000,1010.000,374134
2016-06-27,1008.000,1059.000,1008.000,1051.000,573240
2016-06-28,1048.000,1054.000,1037.000,1047.000,319582
2016-06-29,1050.000,1052.000,1033.000,1044.000,353788
2016-06-30,1043.000,1085.000,1042.000,1085.000,662712
2016-07-01,1092.000,1123.000,1087.000,1110.000,808410
2016-07-04,1108.000,1136.000,1102.000,1117.000,599438
2016-07-05,1118.000,1122.000,1088.000,1121.000,595060
2016-07-06,1120.000,1138.000,1075.000,1088.000,903262
2016-07-07,1083.000,1112.000,1081.000,1089.000,492604
2016-07-08,1092.000,1096.000,1052.000,1052.000,633298
2016-07-11,1052.000,1068.000,1044.000,1058.000,366676
2016-07-12,1060.000,1098.000,1057.000,1098.000,414396
2016-07-13,1103.000,1116.000,1091.000,1096.000,503196
2016-07-14,1097.000,1106.000,1072.000,1101.000,563838
2016-07-15,1102.000,1113.000,1082.000,1095.000,480966
2016-07-18,1098.000,1100.000,1051.000,1054.000,447054
2016-07-19,1053.000,1078.000,1049.000,1077.000,487770
2016-07-20,1076.000,1089.000,1068.000,1074.000,529216
2016-07-21,1071.000,1086.000,1064.000,1081.000,416906
2016-07-22,1080.000,1088.000,1057.000,1059.000,311394
2016-07-25,1059.000,1092.000,1056.000,1090.000,381210
2016-07-26,1089.000,1103.000,1078.000,1098.000,558386
2016-07-27,1096.000,1117.000,1094.000,1106.000,531746
2016-07-28,1107.000,1117.000,1091.000,1091.000,493696
2016-07-29,1092.000,1097.000,1075.000,1079.000,424950
2016-08-01,1080.000,1131.000,1072.000,1131.000,579306
2016-08-02,1140.000,1167.000,1133.000,1157.000,606204
2016-08-03,1159.000,1159.000,1147.000,1157.000,373134
2016-08-04,1157.000,1174.000,1135.000,1156.000,657456
2016-08-05,1155.000,1169.000,1145.000,1168.000,410338
2016-08-08,1168.000,1177.000,1152.000,1176.000,492236
2016-08-09,1175.000,1211.000,1171.000,1211.000,508054
2016-08-10,1222.000,1227.000,1185.000,1193.000,625820
2016-08-11,1195.000,1196.000,1160.000,1169.000,499428
2016-08-12,1156.000,1183.000,1154.000,1182.000,402638
2016-08-15,1181.000,1184.000,1160.000,1173.000,462104
2016-08-16,1173.000,1220.000,1163.000,1212.000,979340
2016-08-17,1212.000,1221.000,1200.000,1203.000,628538
2016-08-18,1203.000,1232.000,1195.000,1208.000,852128
2016-08-19,1208.000,1218.000,1194.000,1214.000,805174
2016-08-22,1215.000,1234.000,1205.000,1222.000,969332
2016-08-23,1222.000,1231.000,1213.000,1222.000,813754
2016-08-24,1223.000,1226.000,1189.000,1190.000,1000140
2016-08-25,1191.000,1206.000,1178.000,1205.000,1139324
2016-08-26,1205.000,1231.000,1196.000,1222.000,1446770
2016-08-29,1223.000,1225.000,1181.000,1187.000,1463934
2016-08-30,1188.000,1194.000,1166.000,1175.000,1212160
2016-08-31,1176.000,1184.000,1157.000,1164.000,1008198
2016-09-01,1165.000,1173.000,1153.000,1165.000,896562
2016-09-02,1165.000,1207.000,1162.000,1195.000,1096354
2016-09-05,1195.000,1215.000,1181.000,1188.000,1572956
2016-09-06,1188.000,1207.000,1177.000,1204.000,1158368
2016-09-07,1202.000,1208.000,1176.000,1181.000,1285192
2016-09-08,1182.000,1183.000,1162.000,1166.000,1236570
2016-09-09,1163.000,1177.000,1154.000,1168.000,1276696
2016-09-12,1169.000,1176.000,1134.000,1135.000,1287772
2016-09-13,1137.000,1142.000,1105.000,1105.000,1001642
2016-09-14,1099.000,1110.000,1093.000,1101.000,756366
2016-09-19,1096.000,1119.000,1095.000,1114.000,382950
2016-09-20,1114.000,1134.000,1091.000,1128.000,1918260
2016-09-21,1132.000,1142.000,1125.000,1131.000,1282334
2016-09-22,1132.000,1148.000,1112.000,1117.000,1525516
2016-09-23,1119.000,1125.000,1108.000,1119.000,1011450
2016-09-26,1119.000,1134.000,1104.000,1121.000,1015706
2016-09-27,1122.000,1129.000,1109.000,1122.000,888012
2016-09-28,1120.000,1129.000,1104.000,1118.000,949242
2016-09-29,1120.000,1135.000,1114.000,1119.000,707256
2016-09-30,1119.000,1125.000,1063.000,1068.000,897954
2016-10-10,1060.000,1080.000,1054.000,1070.000,307852
2016-10-11,1071.000,1081.000,1065.000,1078.000,610850
2016-10-12,1076.000,1089.000,1053.000,1080.000,1109980
2016-10-13,1080.000,1087.000,1065.000,1070.000,878702
2016-10-14,1070.000,1080.000,1060.000,1063.000,791548
2016-10-17,1064.000,1095.000,1059.000,1090.000,1077504
2016-10-18,1090.000,1098.000,1082.000,1090.000,645762
2016-10-19,1089.000,1117.000,1083.000,1093.000,1008012
2016-10-20,1093.000,1114.000,1086.000,1110.000,740080
2016-10-21,1110.000,1126.000,1107.000,1125.000,984166
2016-10-24,1125.000,1128.000,1113.000,1123.000,557226
2016-10-25,1122.000,1138.000,1117.000,1135.000,833086
2016-10-26,1135.000,1146.000,1119.000,1131.000,682016
2016-10-27,1130.000,1134.000,1102.000,1106.000,576750
2016-10-28,1106.000,1128.000,1097.000,1120.000,370268
2016-10-31,1121.000,1126.000,1105.000,1116.000,426864
2016-11-01,1113.000,1160.000,1108.000,1160.000,622540
2016-11-02,1176.000,1202.000,1166.000,1181.000,742630
2016-11-03,1182.000,1213.000,1178.000,1201.000,913148
2016-11-04,1201.000,1208.000,1183.000,1194.000,761452
2016-11-07,1199.000,1244.000,1193.000,1244.000,922432
2016-11-08,1255.000,1313.000,1205.000,1229.000,1338976
2016-11-09,1229.000,1295.000,1225.000,1255.000,1066790
2016-11-10,1261.000,1290.000,1234.000,1265.000,1034436
2016-11-11,1271.000,1315.000,1270.000,1302.000,1099122
2016-11-14,1308.000,1336.000,1228.000,1249.000,803102
2016-11-15,1249.000,1264.000,1210.000,1210.000,355302
2016-11-16,1209.000,1244.000,1202.000,1237.000,276608
2016-11-17,1236.000,1241.000,1215.000,1234.000,298270
2016-11-18,1239.000,1263.000,1210.000,1222.000,265764
2016-11-21,1227.000,1243.000,1203.000,1230.000,259114
2016-11-22,1239.000,1285.000,1233.000,1285.000,427660
2016-11-23,1278.000,1296.000,1267.000,1281.000,273126
2016-11-24,1279.000,1312.000,1255.000,1274.000,368934
2016-11-25,1275.000,1284.000,1257.000,1276.000,203642
2016-11-28,1277.000,1319.000,1268.000,1301.000,247970
2016-11-29,1299.000,1303.000,1266.000,1268.000,174070
2016-11-30,1267.000,1273.000,1223.000,1226.000,196706
2016-12-01,1234.000,1265.000,1234.000,1257.000,127564
2016-12-02,1257.000,1262.000,1196.000,1221.000,125460
2016-12-05,1178.000,1228.000,1178.000,1219.000,207512
2016-12-06,1226.000,1234.000,1195.000,1204.000,203994
2016-12-07,1204.000,1274.000,1200.000,1274.000,260538
2016-12-08,1289.000,1311.000,1250.000,1306.000,555892
2016-12-09,1309.000,1318.000,1265.000,1292.000,734584
2016-12-12,1294.000,1356.000,1292.000,1331.000,662346
2016-12-13,1335.000,1378.000,1320.000,1368.000,494176
2016-12-14,1371.000,1390.000,1332.000,1354.000,694822
2016-12-15,1357.000,1385.000,1340.000,1363.000,484392
2016-12-16,1359.000,1389.000,1354.000,1365.000,412158
2016-12-19,1364.000,1369.000,1304.000,1309.000,465368
2016-12-20,1306.000,1317.000,1290.000,1311.000,338384
2016-12-21,1317.000,1323.000,1257.000,1277.000,481320
2016-12-22,1275.000,1285.000,1231.000,1233.000,331060
2016-12-23,1233.000,1255.000,1225.000,1248.000,279144
2016-12-26,1248.000,1256.000,1195.000,1216.000,360874
2016-12-27,1214.000,1250.000,1203.000,1244.000,269676
2016-12-28,1249.000,1281.000,1238.000,1264.000,383630
2016-12-29,1266.000,1268.000,1240.000,1254.000,276190
2016-12-30,1252.000,1258.000,1213.000,1222.000,329532
2017-01-03,1298.000,1305.000,1209.000,1209.000,40
2017-01-04,1208.000,1216.000,1177.000,1208.000,339076
2017-01-05,1206.000,1224.000,1203.000,1211.000,246346
2017-01-06,1211.000,1230.000,1198.000,1206.000,293462
2017-01-09,1207.000,1229.000,1202.000,1228.000,222806
2017-01-10,1226.000,1277.000,1218.000,1277.000,456292
2017-01-11,1278.000,1285.000,1260.000,1267.000,276164
2017-01-12,1265.000,1280.000,1248.000,1259.000,352040
2017-01-13,1261.000,1295.000,1258.000,1275.000,459110
2017-01-16,1275.000,1334.000,1270.000,1314.000,471626
2017-01-17,1311.000,1322.000,1277.000,1295.000,329272
2017-01-18,1298.000,1310.000,1286.000,1297.000,257330
2017-01-19,1294.000,1307.000,1281.000,1301.000,265194
2017-01-20,1302.000,1327.000,1297.000,1301.000,502658
2017-01-23,1304.000,1307.000,1272.000,1283.000,424006
2017-01-24,1280.000,1318.000,1280.000,1308.000,297602
2017-01-25,1310.000,1323.000,1301.000,1319.000,229642
2017-01-26,1315.000,1329.000,1309.000,1323.000,192204
2017-02-03,1345.000,1349.000,1282.000,1288.000,196334
2017-02-06,1289.000,1305.000,1286.000,1288.000,187732
2017-02-07,1291.000,1297.000,1269.000,1292.000,284700
2017-02-08,1291.000,1319.000,1283.000,1316.000,307914
2017-02-09,1318.000,1321.000,1303.000,1304.000,162104
2017-02-10,1306.000,1377.000,1300.000,1376.000,610848
2017-02-13,1380.000,1397.000,1363.000,1385.000,541694
2017-02-14,1384.000,1393.000,1368.000,1386.000,306874
2017-02-15,1390.000,1399.000,1358.000,1365.000,423290
2017-02-16,1362.000,1393.000,1348.000,1365.000,400092
2017-02-17,1365.000,1424.000,1361.000,1375.000,902256
2017-02-20,1375.000,1389.000,1354.000,1384.000,438344
2017-02-21,1386.000,1404.000,1362.000,1365.000,446202
2017-02-22,1368.000,1373.000,1341.000,1359.000,392470
2017-02-23,1356.000,1366.000,1331.000,1340.000,317452
2017-02-24,1345.000,1350.000,1313.000,1344.000,309892
2017-02-27,1344.000,1375.000,1336.000,1351.000,377954
2017-02-28,1353.000,1354.000,1315.000,1320.000,372060
2017-03-01,1321.000,1332.000,1307.000,1324.000,280832
2017-03-02,1326.000,1340.000,1318.000,1326.000,286232
2017-03-03,1323.000,1325.000,1295.000,1312.000,314414
2017-03-06,1312.000,1324.000,1303.000,1320.000,268182
2017-03-07,1320.000,1327.000,1314.000,1321.000,217954
2017-03-08,1321.000,1324.000,1254.000,1254.000,460004
2017-03-09,1250.000,1253.000,1214.000,1227.000,392950
2017-03-10,1224.000,1244.000,1218.000,1223.000,215784
2017-03-13,1226.000,1249.000,1202.000,1247.000,314440
2017-03-14,1246.000,1258.000,1236.000,1240.000,262554
2017-03-15,1237.000,1262.000,1219.000,1256.000,224418
2017-03-16,1259.000,1260.000,1204.000,1249.000,426550
2017-03-17,1250.000,1253.000,1233.000,1241.000,280986
2017-03-20,1244.000,1248.000,1218.000,1232.000,230544
2017-03-21,1234.000,1241.000,1214.000,1236.000,214946
2017-03-22,1235.000,1240.000,1190.000,1197.000,329008
2017-03-23,1198.000,1212.000,1196.000,1202.000,146984
2017-03-24,1202.000,1222.000,1192.000,1213.000,200832
2017-03-27,1213.000,1219.000,1178.000,1202.000,250278
2017-03-28,1200.000,1258.000,1200.000,1258.000,485950
2017-03-29,1262.000,1283.000,1259.000,1276.000,300466
2017-03-30,1273.000,1285.000,1260.000,1283.000,231108
2017-03-31,1285.000,1309.000,1273.000,1307.000,285214
2017-04-05,1317.000,1327.000,1283.000,1299.000,249000
2017-04-06,1301.000,1310.000,1287.000,1303.000,154326
2017-04-07,1303.000,1314.000,1281.000,1301.000,247186
2017-04-10,1299.000,1309.000,1291.000,1294.000,185324
2017-04-11,1284.000,1288.000,1227.000,1232.000,411656
2017-04-12,1232.000,1243.000,1218.000,1221.000,300818
2017-04-13,1221.000,1252.000,1211.000,1237.000,313746
2017-04-14,1237.000,1255.000,1223.000,1227.000,400656
2017-04-17,1229.000,1245.000,1204.000,1216.000,410892
2017-04-18,1218.000,1224.000,1206.000,1210.000,272732
2017-04-19,1203.000,1245.000,1181.000,1243.000,402630
2017-04-20,1243.000,1274.000,1229.000,1274.000,521770
2017-04-21,1280.000,1299.000,1276.000,1285.000,515014
2017-04-24,1285.000,1313.000,1264.000,1308.000,508076
2017-04-25,1308.000,1313.000,1287.000,1294.000,458400
2017-04-26,1292.000,1309.000,1275.000,1277.000,444544
2017-04-27,1280.000,1297.000,1271.000,1296.000,360170
2017-04-28,1295.000,1318.000,1285.000,1299.000,424226
2017-05-02,1308.000,1310.000,1281.000,1298.000,202976
2017-05-03,1299.000,1302.000,1287.000,1297.000,251896
2017-05-04,1293.000,1299.000,1234.000,1246.000,600922
2017-05-05,1243.000,1255.000,1227.000,1229.000,401520
2017-05-08,1231.000,1252.000,1231.000,1235.000,306614
2017-05-09,1232.000,1242.000,1217.000,1237.000,305202
2017-05-10,1238.000,1249.000,1221.000,1228.000,274998
2017-05-11,1228.000,1284.000,1215.000,1278.000,509914
2017-05-12,1276.000,1280.000,1256.000,1264.000,438578
2017-05-15,1265.000,1294.000,1252.000,1288.000,445446
2017-05-16,1291.000,1298.000,1270.000,1287.000,307674
2017-05-17,1288.000,1290.000,1262.000,1266.000,520464
2017-05-18,1267.000,1289.000,1264.000,1279.000,371752
2017-05-19,1273.000,1341.000,1270.000,1341.000,761670
2017-05-22,1349.000,1359.000,1335.000,1338.000,486822
2017-05-23,1339.000,1358.000,1337.000,1349.000,374932
2017-05-24,1350.000,1358.000,1326.000,1342.000,483428
2017-05-25,1343.000,1352.000,1322.000,1337.000,363394
2017-05-26,1338.000,1351.000,1328.000,1349.000,395098
2017-05-31,1356.000,1392.000,1300.000,1305.000,474040
2017-06-01,1306.000,1312.000,1282.000,1296.000,377806
2017-06-02,1299.000,1316.000,1288.000,1303.000,350210
2017-06-05,1303.000,1336.000,1296.000,1310.000,506860
2017-06-06,1307.000,1320.000,1298.000,1304.000,403592
2017-06-07,1304.000,1317.000,1292.000,1298.000,463262
2017-06-08,1300.000,1320.000,1288.000,1313.000,440906
2017-06-09,1313.000,1329.000,1311.000,1325.000,285556
2017-06-12,1328.000,1335.000,1310.000,1311.000,289900
2017-06-13,1310.000,1313.000,1296.000,1304.000,368950
2017-06-14,1302.000,1329.000,1293.000,1327.000,487036
2017-06-15,1325.000,1327.000,1308.000,1315.000,281628
2017-06-16,1314.000,1344.000,1308.000,1336.000,433670
2017-06-19,1336.000,1340.000,1308.000,1309.000,342376
2017-06-20,1310.000,1315.000,1302.000,1306.000,336720
2017-06-21,1306.000,1312.000,1300.000,1309.000,226194
2017-06-22,1310.000,1314.000,1261.000,1265.000,489626
2017-06-23,1269.000,1279.000,1262.000,1268.000,347602
2017-06-26,1271.000,1282.000,1264.000,1274.000,217178
2017-06-27,1271.000,1291.000,1265.000,1289.000,266696
2017-06-28,1289.000,1301.000,1282.000,1293.000,319628
2017-06-29,1291.000,1357.000,1287.000,1357.000,579984
2017-06-30,1359.000,1369.000,1348.000,1368.000,328222
2017-07-03,1364.000,1372.000,1357.000,1368.000,190926
2017-07-04,1368.000,1369.000,1341.000,1348.000,215992
2017-07-05,1350.000,1385.000,1347.000,1373.000,284944
2017-07-06,1367.000,1373.000,1352.000,1367.000,184406
2017-07-07,1365.000,1374.000,1354.000,1366.000,173152
2017-07-10,1363.000,1380.000,1345.000,1356.000,280260
2017-07-11,1356.000,1397.000,1349.000,1375.000,266900
2017-07-12,1374.000,1389.000,1351.000,1356.000,273076
2017-07-13,1357.000,1366.000,1340.000,1366.000,243946
2017-07-14,1365.000,1368.000,1348.000,1356.000,209936
2017-07-17,1358.000,1393.000,1356.000,1381.000,299594
2017-07-18,1383.000,1395.000,1371.000,1382.000,189702
2017-07-19,1385.000,1452.000,1383.000,1452.000,724948
2017-07-20,1454.000,1455.000,1418.000,1425.000,437900
2017-07-21,1426.000,1433.000,1412.000,1427.000,215934
